{
  "model": "distilbert-base-uncased",
  "tasks": [
    "sst2",
    "mrpc",
    "qqp",
    "stsb",
    "cola",
    "mnli",
    "qnli",
    "rte",
    "wnli"
  ],
  "seeds": [
    42,
    19,
    2005,
    2026,
    9999
  ],
  "hyperparameters": {
    "train_batch_size": 16,
    "eval_batch_size": 32,
    "num_epochs": 3,
    "learning_rate": 2e-05,
    "max_seq_length": 512
  },
  "results": {
    "sst2": {
      "median": 0.9094036697247706,
      "mean": 0.9080275229357799,
      "std": 0.0031945844672440636,
      "min": 0.9036697247706422,
      "max": 0.911697247706422,
      "scores": [
        0.9036697247706422,
        0.911697247706422,
        0.9048165137614679,
        0.9105504587155964,
        0.9094036697247706
      ]
    },
    "mrpc": {
      "median": 0.8504901960784313,
      "mean": 0.8495098039215685,
      "std": 0.0045458914193606224,
      "min": 0.8431372549019608,
      "max": 0.8553921568627451,
      "scores": [
        0.8455882352941176,
        0.8504901960784313,
        0.8553921568627451,
        0.8529411764705882,
        0.8431372549019608
      ]
    },
    "qqp": {
      "median": 0.9017066534751422,
      "mean": 0.9017956962651497,
      "std": 0.00049778890875465,
      "min": 0.9010388325500865,
      "max": 0.9025476131585456,
      "scores": [
        0.9010388325500865,
        0.901632451150136,
        0.9025476131585456,
        0.9020529309918377,
        0.9017066534751422
      ]
    },
    "stsb": {
      "median": 0.8692609144485162,
      "mean": 0.8691467994178961,
      "std": 0.0012399451826120786,
      "min": 0.8672583108758054,
      "max": 0.8711263488024042,
      "scores": [
        0.8693342500395457,
        0.8672583108758054,
        0.8711263488024042,
        0.8687541729232096,
        0.8692609144485162
      ]
    },
    "cola": {
      "median": 0.5108951669698317,
      "mean": 0.513242168294163,
      "std": 0.017132268128683792,
      "min": 0.4971890871020268,
      "max": 0.54552128338247,
      "scores": [
        0.54552128338247,
        0.4971890871020268,
        0.5120519207329847,
        0.5005533832835016,
        0.5108951669698317
      ]
    },
    "mnli": {
      "median": 0.8223127865511971,
      "mean": 0.8218237391747326,
      "std": 0.00216935834049693,
      "min": 0.8179317371370352,
      "max": 0.8240448293428426,
      "scores": [
        0.8235354049923587,
        0.8179317371370352,
        0.8223127865511971,
        0.8212939378502292,
        0.8240448293428426
      ]
    },
    "qnli": {
      "median": 0.886326194398682,
      "mean": 0.8865092440051253,
      "std": 0.0038309444511177722,
      "min": 0.8813838550247117,
      "max": 0.8929159802306426,
      "scores": [
        0.886326194398682,
        0.8843126487278052,
        0.8929159802306426,
        0.8876075416437854,
        0.8813838550247117
      ]
    },
    "rte": {
      "median": 0.5956678700361011,
      "mean": 0.6014440433212995,
      "std": 0.03467207856618907,
      "min": 0.5595667870036101,
      "max": 0.6606498194945848,
      "scores": [
        0.6137184115523465,
        0.5595667870036101,
        0.5776173285198556,
        0.5956678700361011,
        0.6606498194945848
      ]
    },
    "wnli": {
      "median": 0.5633802816901409,
      "mean": 0.5549295774647888,
      "std": 0.01126760563380284,
      "min": 0.5352112676056338,
      "max": 0.5633802816901409,
      "scores": [
        0.5492957746478874,
        0.5633802816901409,
        0.5633802816901409,
        0.5352112676056338,
        0.5633802816901409
      ]
    }
  }
}