{
  "model": "bert-base-uncased",
  "tasks": [
    "sst2",
    "mrpc",
    "qqp",
    "stsb",
    "cola",
    "mnli",
    "qnli",
    "rte",
    "wnli"
  ],
  "seeds": [
    42,
    19,
    2005,
    2026,
    9999
  ],
  "hyperparameters": {
    "train_batch_size": 16,
    "eval_batch_size": 32,
    "num_epochs": 3,
    "learning_rate": 2e-05,
    "max_seq_length": 512
  },
  "results": {
    "sst2": {
      "median": 0.9231651376146789,
      "mean": 0.9243119266055047,
      "std": 0.0019189450149864069,
      "min": 0.9220183486238532,
      "max": 0.926605504587156,
      "scores": [
        0.926605504587156,
        0.9231651376146789,
        0.9231651376146789,
        0.9220183486238532,
        0.926605504587156
      ]
    },
    "mrpc": {
      "median": 0.8651960784313726,
      "mean": 0.8598039215686274,
      "std": 0.015989712186568705,
      "min": 0.8308823529411765,
      "max": 0.875,
      "scores": [
        0.875,
        0.8725490196078431,
        0.8651960784313726,
        0.8308823529411765,
        0.8553921568627451
      ]
    },
    "qqp": {
      "median": 0.9096215681424684,
      "mean": 0.9096858768241406,
      "std": 0.00191644493808671,
      "min": 0.9067524115755627,
      "max": 0.912416522384368,
      "scores": [
        0.9108830076675736,
        0.9096215681424684,
        0.9087558743507297,
        0.9067524115755627,
        0.912416522384368
      ]
    },
    "stsb": {
      "median": 0.8897874527387973,
      "mean": 0.8880126501473541,
      "std": 0.006528400367801428,
      "min": 0.8771978637672904,
      "max": 0.8958161409981397,
      "scores": [
        0.8846728919879525,
        0.8925889012445908,
        0.8897874527387973,
        0.8771978637672904,
        0.8958161409981397
      ]
    },
    "cola": {
      "median": 0.5756414302422657,
      "mean": 0.5724578260659264,
      "std": 0.017299385176575637,
      "min": 0.5502476813761963,
      "max": 0.6006707792285204,
      "scores": [
        0.5502476813761963,
        0.6006707792285204,
        0.5590682579959262,
        0.576660981486724,
        0.5756414302422657
      ]
    },
    "mnli": {
      "median": 0.8459500764136526,
      "mean": 0.845970453387672,
      "std": 0.001055676727212511,
      "min": 0.8445236882322975,
      "max": 0.8477840040753948,
      "scores": [
        0.8455425369332654,
        0.8459500764136526,
        0.8477840040753948,
        0.8445236882322975,
        0.8460519612837494
      ]
    },
    "qnli": {
      "median": 0.914332784184514,
      "mean": 0.914113124656782,
      "std": 0.0015848333019888752,
      "min": 0.9117700896943072,
      "max": 0.9163463298553908,
      "scores": [
        0.9163463298553908,
        0.9150649826102873,
        0.9130514369394106,
        0.9117700896943072,
        0.914332784184514
      ]
    },
    "rte": {
      "median": 0.6678700361010831,
      "mean": 0.6678700361010831,
      "std": 0.024484945787455834,
      "min": 0.628158844765343,
      "max": 0.6967509025270758,
      "scores": [
        0.628158844765343,
        0.6895306859205776,
        0.6570397111913358,
        0.6678700361010831,
        0.6967509025270758
      ]
    },
    "wnli": {
      "median": 0.5492957746478874,
      "mean": 0.5267605633802818,
      "std": 0.059489329808289804,
      "min": 0.4084507042253521,
      "max": 0.5633802816901409,
      "scores": [
        0.4084507042253521,
        0.5633802816901409,
        0.5633802816901409,
        0.5492957746478874,
        0.5492957746478874
      ]
    }
  }
}